{
	"name": "projeto-es-2025",
	"version": "1.0.0.0",
	"description": "",
	"id": "",
	"unique-id": "45k5gpy1mhe",
	"viewport-width": 1280,
	"viewport-height": 720,
	"author": "",
	"email": "",
	"website": "",
	"orientations": "landscape",
	"c2version": "244",
	"c3version": "r432.3",
	"ife": true,
	"used-plugins": [
		"TiledBg",
		"Tilemap",
		"Sprite",
		"Keyboard",
		"Text",
		"TextBox",
		"Button",
		"AJAX"
	],
	"used-behaviors": [
		"solid",
		"Flash",
		"Platform",
		"scrollto",
		"Sin",
		"Pin"
	]
}